Name,Headquarters,Sector/Industry,Careers/Jobs Link,Internships
Citymapper,UK/London,Tech/App/Routing,https://citymapper.com/jobs/,Unknown
Waymo,US/CA/Mountain View,Tech/Autonomous Cars,https://careers.google.com,True
Google,US/CA/Mountain View,Tech,https://careers.google.com,True
BMW,DE/Munich,Tech/Cars,https://bmwgroup.jobs/,True
Flexport,US/CA/San Francisco,Tech/Logistics,https://www.flexport.com/careers,Unknown
Chariot,US/CA/San Francisco,Tech/App/Ride Share,https://www.chariot.com/careers,Unknown
Apple,US/CA/Cupertino,Tech,https://www.apple.com/jobs,True
HDR,US/NE/Omaha,Design/Build,http://www.hdrinc.com/careers,True
Two Sigma,US/NY/New York,Tech/Data Science,https://www.twosigma.com/careers,True
Metrolink,US/CA/Los Angeles,Public Transportation Agency,http://www.metrolinktrains.com/agency/page/title/careers_home,True
Los Angeles County Metropolitan Transportation Authority,US/CA/Los Angeles,Public Transportation Agency,https://www.metro.net/about/jobs,True
Uber,US/CA/San Francisco,Tech/App/Ride Share,https://www.uber.com/en/careers/,True
Parsons,US/CA/Pasadena,Design/Build,https://careers.parsons.com,True
Ride With GPS,US/OR/Portland,Tech/App/Cycling,https://ridewithgps.com,Unknown
Alta Planning + Design,US/OR/Portland,Design/Build,http://altaplanning.com/careers/,Unknown
NVIDIA,US/CA/Santa Clara,Tech,http://www.nvidia.com/object/careers.html,True
WSP | Parsons Brinckerhoff,US/NY/New York,Design/Build,http://www.wsp-pb.com/en/Careers/Job-Opportunities/,True
Copenhagenize Design Company,DK/Copenhagen,Design/Build,http://copenhagenize.eu/,True
Daimler,DE/Stuttgart,Cars,http://www.daimler.com/career/,True
Transit,CA/Montreal,Tech/App/Routing,https://transitapp.com/jobs,Unknown
Tesla,US/CA/Palo Alto,Tech/Cars,https://www.tesla.com/careers,True
Moovel Group,DE/Stuttgart,Tech/App,https://moovel-group.com/en/careers,Unknown
Transportation for America,US/DC,Policy,http://t4america.org/about/jobs/,True
Smartcar,US/CA/Mountain View,Tech/Cars,https://jobs.lever.co/smartcar,Unknown
Cruise,US/CA/San Francisco,Tech/Autonomous Cars,https://jobs.lever.co/cruise,Unknown
National Association of City Transportation Officials,US/NY/New York,Policy/Transportation Agency,http://nacto.org/careers/,Unknown
Oregon Metro,US/OR,Transportation Agency,https://www.governmentjobs.com/careers/oregonmetro,Unknown
California High-Speed Rail Authority,US/CA/Sacramento,Design/Build,http://hsr.ca.gov/About/Careers/current_job_openings.html,Unknown
Transportation Technology Center,US/CO/Pueblo,Railroad,https://jobs-aar.icims.com/jobs/,Unknown
Gett,US/NY/New York,Tech/App/Ride Share,https://gett.com/careers/,Unknown
Citilabs,US/CA/Sacramento,Tech/Traffic Modeling,http://www.citilabs.com/about/job-opportunities/,Unknown
Caliper,US/MA/Newton,Tech/Traffic Modeling,http://www.caliper.com/jobs.htm,Unknown
GE Transportation,US/IL/Chicago,Railroad Vehicles,http://www.ge.com/careers,True
GE Digital,US/MA/Boston,Train Control,https://talent.gecareers.com/digital,Unknown
INRIX,US/WA/Kirkland,Tech/Data Science,http://inrix.com/careers/,True
ParkMe,US/CA/Santa Monica,Tech/App/Parking,https://www.parkme.com/jobs,Unknown
AirSage,US/GA/Atlanta,Tech/Data Science/Location,http://www.airsage.com/Careers/,Unknown
StreetLight Data,US/CA/San Francisco,Tech/Data Science/Location,http://info.streetlightdata.com/contact,Unknown
PTV,DE/Karlsruhe,Traffic Simulation,http://www.ptvgroup.com/en/ptv-group/careers/,Unknown
Harsco Rail,US/SC/Columbia,Railroad Equiptment,http://www.harsco.com/careers,Unknown
Panasonic,US/NJ/Newark,Car Components,http://shop.panasonic.com/careers,Unknown
Lilium,DE/Munich,Aviation,https://lilium.com/careers/,True
Trimble,US/CA/Sunnyvale,Railroad Equiptment,http://www.trimble.com/Careers/job-search.aspx,True
NIO,US/CA/San Jose,Tech/Cars,http://www.nio.io/careers,Unknown
Oxbotica,UK/Oxford,Tech/Autonomous Cars,http://www.oxbotica.com/jobs/,Unknown
Zendrive,US/CA/San Francisco,Tech/Data Science/Safety,https://boards.greenhouse.io/zendrivejobs,Unknown
Stantec,CA/Edmonton,Design/Build,http://www.stantec.com/careers.html,True
INIT,DE/Karlsruhe,Public Transportation Control,http://www.initag.de/en/jobs/jobs.php,Unknown
Stadler,CH/Bussnang,Railroad Vehicles,http://www.stadlerrail.com/en/meta/careers/,Unknown
Pix4D,CH/LaUSnne,Drone Mapping,https://pix4d.com/jobs/,Unknown
Kinkisharyo,US/CA/El Segundo,Railroad Vehicles,http://www.kinkisharyo.com/contact/,Unknown
Airwave,US/CA/San Francisco,Drones,https://boards.greenhouse.io/airware,Unknown
Balfour Beatty,UK/London,Design/Build,https://www.balfourbeatty.com/careers/job-search,Unknown
Remix,US/CA/San Francisco,Tech/Data Science,https://jobs.lever.co/remix,Unknown
Argo AI,US/PA/Pittsburg,Tech/Autonomous Cars,https://www.argo.ai/careers/,Unknown
Airwave,US/CA/Santa Monica,Drones,http://www.airware.com/careers,Unknown
Meteorcomm,US/WA/Renton,Rail Wireless,http://meteorcomm.com/careers,Unknown
Via,US/NY/New York,Tech/App/Ride Share,https://ridewithvia.com/jobs/,Unknown
Transdev North America,US/IL/Lombard,Public Transportation Operations,http://www.transdevna.com/Careers.aspx,Unknown
National Highway Traffic Safety Administration,US/DC,Policy,https://www.nhtsa.gov/about-nhtsa/careers-and-internships,True
Afi,US/CA/San Francisco,Tech/Data Science,https://afi.io/,Unknown
High Street Consulting Group,US/PA/Pittsburg,Consulting,http://highstreetconsulting.com,Unknown
Center for Data-Intensive Transportation Research,US/MI/Ann Arbor,Tech/Data Science,http://midas.umich.edu/careers/,Unknown
MS2,US/MI/Ann Arbor,Data Science,http://www.ms2soft.com,Unknown
Fehr and Peers,US/CA/Walnut Creek,Design/Build,http://www.fehrandpeers.com/careers/,True
RPM Transportation Consultants,US/TN/Nashville,Design/Build,http://www.rpmtraffic.net/careers/,Unknown
Berg and Associates,US/CA/San Pedro,Design/Build,http://www.bergcm.com/careers.html,Unknown
Kimley-Horn,US/NC/Raleigh,Design/Build,http://www.kimley-horn.com/join-our-team,Unknown
Sidewalk Labs,US/NY/New York,Tech/Data Science,https://boards.greenhouse.io/sidewalklabs,Unknown
Street Plans,US/NY/New York,Design/Build,http://www.street-plans.com/our-firm/our-firm/,Unknown
Senozon,CH/Zurich,Data Science/Traffic Simulation,http://senozon.com/about-us,Unknown
Railinc,US/NC/Cary,Railroad,https://www.railinc.com/rportal/working-at-railinc,True
Herzog,US/MO/St. Joseph,Design/Build Rail,http://www.herzog.com/careers/,True
Hensel Phelps,US/VA/Chantilly,Design/Build,http://www.henselphelps.com/careers,True
Traffic Technology Services,US/OR/Portland,ITS,http://www.traffictechservices.com/careers.html,Unknown
Porsche Digital,US/CA/Santa Clara,Tech/Cars,,Unknown
Volkswagen Group Electronics Research Lab,US/CA/Belmont,Tech/Cars,,Unknown
Hyundai Ventures,US/CA/Menlo Park,Tech/Cars,,Unknown
General Motors Advanced Technology,US/CA/Palo Alto,Tech/Cars,,Unknown
Ford Silicon Valley Lab,US/CA/Palo Alto,Tech/Cars,,Unknown
Bosch Research and Technology Center North America,US/CA/Sunnyvale,Tech/Cars,,Unknown
Toyota InfoTechnology Center US,US/CA/Mountain View,Tech/Cars,,Unknown
Honda Innovations,US/CA/Mountain View,Tech/Cars,,Unknown
BMW Group Technology Office,US/CA/Mountain View,Tech/Cars,,Unknown
Delphi Labs,US/CA/Mountain View,Tech/Cars,,Unknown
Nissan Research Center,US/CA/Sunnyvale,Tech/Cars,,Unknown
Mercedes-Benz Research & Development North America,US/CA/Sunnyvale,Tech/Cars,,Unknown
Continental Tire Company,US/CA/San Jose,Tech/Cars,,Unknown
nuTonomy,US/MA/Cambridge,Tech/Autonomous Cars,http://nutonomy.com/jobs,Unknown
Hyperloop One,US/CA/Los Angeles,Tech/Hyperloop,https://hyperloop-one.com/careers,Unknown
NavVis,DE/Munich,Tech/Indoor Navigation,http://www.navvis.com/company/careers/,True
World Bank,US/DC,Policy,http://www.worldbank.org/en/about/careers,True
SMA,CH/Zurich,Rail,http://www.sma-partner.com/en/jobs/current-positions,True
TTK,DE/Karlsruhe,Consulting,http://www.ttk.de/en/global/jobs.php?thisID=76,True
The Boring Company,US/CA/Los Angeles,Tunnels,https://www.boringcompany.com/jobs/,Unknown
Lyft,US/CA/San Francisco,Tech/App/Ride Share,https://www.lyft.com/jobs,Unknown
Konux,DE/Munich,Tech/Sensors,https://www.konux.com/career/,Unknown
Flixbus,DE/Munich,Tech/App/Bus,https://www.flixbus.com/company/jobs,True
Siemens,DE/Munich,Rail/Traffic,https://jobs.siemens-info.com/jobs,True
MaIOT,DE/Munich,Tech/Data Science/Trucking,http://maiot.io,Unknown
Convoy,US/WA/Seattle,Tech/App/Trucking,https://convoy.com,Unknown
RAIL.ONE,DE/Neumarkt,Rail/Track,http://www.railone.com/company/career/,Unknown
Max Bögl Group,DE/Sengenthal,Rail/Track,https://max-boegl.de/en/careers.html,True
Eno Center for Transportation,US/DC,Policy,https://www.enotrans.org/about-eno/work-with-eno/,True
Waze,IL/Tel Aviv,Tech/App/Navigation,https://careers.google.com/jobs#t=sq&q=j&l=false&j=waze,Unknown
Embark,US/CA/San Francisco,Tech/Self-Driving Trucks,https://jobs.lever.co/embark,Unknown
Infineon,DE/Neubiberg,Semiconductors,https://www.infineon.com/cms/en/careers/,Unknown
BlinkTag,US/CA/San Francisco,Tech,https://blinktag.com/contact/,Unknown
Here,US/IL/Chicago,Tech/Maps,https://here.com/en/careers/jobs#/,Unknown
DeepMap,US/CA/Palo Alto,Tech/Maps,https://www.deepmap.ai,Unknown
Civil Maps,US/CA/San Francisco,Tech/Maps,https://careers.jobscore.com/careers/civilmaps,Unknown
Sapphos Environmental,US/CA/Pasadena,Environmental Reports,http://www.sapphosenvironmental.com/Employment/current_openings.aspx,Unknown
TomTom,NL/Amsterdam,Tech/Maps,https://www.tomtom.com/careers/global,Unknown
AutoX,US/CA/San Francisco,Tech/Autonomous Cars,https://www.autox.ai,Unknown
Aurora,US/CA/Palo Alto,Tech/Autonomous Cars,https://aurora.tech/openings.html,Unknown
Qatar Ports Management Company,QA/Doha,Ports,http://www.mwani.com.qa/En/Career/Pages/JobDetails.aspx?Generalvacancy=true,Unknown
DP World,UAE/Dubai,Ports,http://web.dpworld.com/dpworldcareers.html,Unknown
Visteon,US/MI/Van Buren Township,Cars,https://www.visteon.com/careers/index.html,Unknown
"Ireland Department of Transport, Tourism and Sport",IE/Dublin,Policy,http://www.dttas.ie/about-us/2013/jobs-department,Unknown
ILF Consulting Engineers,DE/Munich,Design/Build,https://www.ilf.com/career/jobs/,True
Transport Infrastructure Ireland,IE/Dublin,Design/Build,http://www.tii.ie/Careers/,True
ZED,US/CA/Los Angeles,Tech/Trucking,https://zed-eld.com,Unknown
Irish Aviation Authority,IE/Dublin,Regulation,https://www.iaa.ie/careers/current-vacancies,Unknown
Joby Aviation,US/CA/Santa Cruz,Tech/Aviation,http://www.jobyaviation.com/careers/,Unknown
Blue Vision Labratories,UK/London,Tech/Computer Vision,http://www.bluevisionlabs.com,True
Wanderu,US/MA/Boston,Tech/App,https://www.wanderu.com/blog/wanderu-careers/,Unknown
Drivy,FR/Paris,Tech/Car Share,https://en.drivy.com/jobs,Unknown
Nexedi,FR/Lille,Tech/Data Science,https://www.nexedi.com/jobs,Unknown
door2door,DE/Berlin,Tech/App/Ride Share,https://www.door2door.io/jobs.html,Unknown
ZF Friedrichshafen,DE/Friedrichshafen,Tech/Autonomous Cars,https://www.zf.com/corporate/en_de/career/get_started_with_zf/get_started_with_zf.html,True
McLaren,UK/Surrey,Cars,http://www.mclaren.com/careers/,Unknown
Zenuity,DE/Munich,Tech/Machine Learning,https://www.zenuity.com/career/,True
Starsky Robotics,US/CA/San Francisco,Tech/Autonomous Trucks,https://jobs.lever.co/starskyrobotics/,Unknown
MapBox,US/Washington D.C.,Tech/Maps,https://www.mapbox.com/jobs/,Unknown
Zoox,US/CA/Menlo Park,Tech/Autonomous Cars,https://jobs.lever.co/zoox,Unknown
DPDHL,DE/Bonn,Shipping,https://www.dpdhl.jobs/,True
Lufthansa Consulting,DE/Frankfurt,Consulting,http://www.lhconsulting.com/career/career-opportunities/,True
drive.ai,US/CA/Mountain View,Tech/Autonomous Cars,https://www.drive.ai/careers/,Unknown
comma.ai,US/CA/San Francisco,Tech/Autonomous Cars,https://comma.ai/positions.html,Unknown
Acrai,DE,Tech/Auttonomous Robots,https://acrai.de,Unknown
Spare Labs,CA/Vancouver,Tech/Ride Share,https://angel.co/sparerides/jobs/,Unknown
Tensyr,US/CA/Mountain View,Tech/Autonomous Cars,http://www.tensyr.com/careers.html,Unknown
kiwi,US/CA/Berkeley,Tech/Autonomous Robots,https://kiwicampus.com,Unknown
Oxbotics,UK/Oxford,Tech/Autonomous Cars,https://www.oxbotica.ai/jobs-current/,Unknown
Osaro,US/CA/San Francisco,Tech/Artificial Intelligence,http://www.osaro.com/careers/,Unknown
Mott MacDonald,UK/Surrey,Consulting,https://www.mottmac.com/careers/,True
KCW,DE/Berlin,Consulting/Public Tranportation,https://www.kcw-online.de/en,Unknown
TankTaler,DE/Munich,Tech/App,https://www.tanktaler.de/jobs,Unknown
RSG,US/VT/White River Junction,Data,http://rsginc.com/connect-with-us/offices/,Unknown
Cohda Wireless,AU/North Adelaide,Communication/V2V,http://www.cohdawireless.com/contact-us/,Unknown
Seeing Machines,AU/Canberra,Computer Vision,https://seeingmachines.springboard.com.au/,Unknown
Institute for Transportation and Development Policy,US/NY/New York,Policy,https://www.itdp.org,Unknown
Peloton,US/CA/Mountain View,Tech/Autonomous Trucks,https://peloton-tech.com/careers/,Unknown
Skanska,SE,Construction,https://jobs.skanska.com,True
BART,US/CA/Oakland,Public Transportation Agency,http://www.bart.gov/about/jobs,True
Autonomous Intelligent Driving,DE/Munich,Tech/Autonomous Cars,http://aid-driving.eu/home/jobs/,Unknown
Renovo,US/CA/Campbell,Tech/Autonomous Cars,https://jobs.lever.co/renovo,Unknown
Einride,SE/Stockholm,Tech/Autonomous Trucks,https://einride.eu/en/career,Unknown
Samsara,US/CA/San Francisco,Tech/Sensors,https://www.samsara.com/careers,Unknown
Dataspeed,US/MI/Rochester Hill,Tech/Autonomous Cars,http://dataspeedinc.com/careers/,Unknown
Urban Footprint,US/CA/Berkeley,Tech/Software/Planning,http://jobs.urbanfootprint.com,Unknown
Phantom Auto,US/CA/Mountain View,Tech/Teleoperation,https://phantom.auto/careers/,Unknown
Polysync,US/OR/Portland,Tech/Autonomous Cars Safety,https://polysync.breezy.hr,Unknown
TuSimple,US/CA/San Diego,Autonomous Trucking,http://www.tusimple.com/join-en.html,Unknown
Circet,IE,Infrastructure,https://www.circet.ie/careers,Unknown
Sea Machines Robotics,US/MA,Autonomous Boats,https://sea-machines.com/careers,Unknown
Glydways,US/CA,Autonomous Public Transportation,https://www.glydways.com,Unknown
Swiftly,US/CA,Public Transportation Software,https://www.goswift.ly/careers,Unknown
Metropolis,US/CA,Tech/Parking,https://metropolis.io/careers,Unknown 
Parallel Systems,US/CA,Tech/Rail,https://moveparallel.com/careers/,Unknown
Populus,US/CA,Tech/Planning,https://www.populus.ai/company/careers,Unknown
UrbanFootprint,US/CA,Tech/Planning,https://urbanfootprint.com,Unknown
Libelium,ES,Tech/Sensors,https://www.libelium.com/es/trabaja-en-libelium/,Unknown
Telraam,BE,Tech/Sensors,https://telraam.net/en/jobs,Unknown
Transport API,UK,Tech/Public Transportation,https://www.transportapi.com/contact/,Unknown
Rincon Consultants,US/CA,Environmental Documents,https://www.rinconconsultants.com/careers/,Unknown
Skyryse,US/CA/Los Angeles,Aerospace,https://skyryse.com/careers,Unknown
Federal Transit Administration,US,Public Transportation,https://www.transit.dot.gov/about/jobs/jobs,Unknown
Felt,US/CA/Oakland,Tech/Maps,https://felt.com/careers,Unknown
INRO,Canada/Montreal,Tech/Transportation Planning Software,https://www.inrosoftware.com/en/about-inro/careers/,Unknown
Bentley,US/PA,Tech/Transportation Planning Software,https://www.bentley.com/en/about-us/careers,Unknown
Urban Labs,US/WA/Seattle,Tech/Transportation Planning,http://urbanlabs.io,Unknown
Hayden AI,US/CA/Oakland,Tech/AI,https://boards.greenhouse.io/haydenai,Unknown
HNTB,US/MO/Kansas City,Design/Build,https://www.hntb.com/careers/,Unknown
Sabre,US/TX,Tech/Travel,https://www.sabre.com/careers/,Unknown
Amadeus,ES/Madrid,Tech/Travel,https://jobs.amadeus.com,Unknown
Teralytics,US/CA/Sacramento,Tech/Traffic Modeling,https://teralytics.net,Unknown
UrbanSim,US/WA/Seattle,Tech/Transportation Planning,https://www.urbansim.com,Unknown
HBA Specto,CA/Calgary,Tech/Transportation Planning,http://www.hbaspecto.com,Unknown
Insight Transportation Consulting,US/FL/Parkland,Tech/Transportation Planning,https://insighttransportconsulting.com/careers,Unknown
Bettermile,DE/Berlin,Tech/Logistics,https://bettermile.com/careers,Unknown
Applied Intuition,US/CA/Mountain View,Tech/Simulation,https://www.appliedintuition.com/careers,Unknown
Hatch LTK,CA/Mississauga,Rail,https://www.ltk.com/careers,Unknown
Saildrone,US/CA/Alameda,Tech/Marine,https://www.saildrone.com/careers,True
Halo.Car,US/NV/Las Vegas,Tech/Teleoperation,https://www.halo.car/careers,Unknown
InfraStrategies,US/CA/Los Angeles,Infrastructure/Strategy,https://www.infrastrategies.com,Unknown
Replica,US/KS,Tech/Data,https://www.replicahq.com/careers,Unknown
CDM Smith,US/MA/Boston,Planning,https://www.cdmsmith.com,True
RS&H,US/FL/Jacksonville,Planning,https://www.rsandh.com/careers/,Unknown
Ample,US/CA/SF,Battery Swapping,https://ample.com,Unknown
Hydroplane,US/CA/LA,Hydrogen Aviation,https://hydroplane.us,Unknown
Transcality,CH/Zurich,Tech/Simulation,https://transcality.com,Unknown
Cervello,US/MA/Boston,Rail Cybersecurity,https://cervello.security/company/careers/,Unknown
Reliable Robotics,US/CA/Mountain View,Aviation/Robotics,https://reliable.co/careers,True
Mistral Data,UK,Tech/Rail/Data,https://www.mistral-data.com,Unknown
Stack,US/PA/Pittsburgh,Tech/Autonomous Trucks,https://stackav.com/join/,Unknown
AeroVect,US/CA/South San Francisco,Tech/Autonomous,https://aerovect.com/#/careers,Unknown
Navier,US/CA/Alameda,Tech/Electric Boat,https://www.navierboat.com/careers,Unknown
Podaris,UK/London,Tech/Transportation Modeling,https://www.podaris.com/careers,Unknown
Scout Motors,US/MI/Novi,Cars,https://boards.greenhouse.io/scoutmotors,Unknown
State-Amtrak Intercity Passenger Rail Committee,US/NY/New York City,Public Transportation,https://www.saiprc.com/job-opportunities,Unknown
SeekRight,UAE,Tech/AI Video Mapping,https://seekright.com,Unknown
Electra,US/VA/Manassas,Aviation/Electric,https://www.electra.aero/careers,True
Archer,US/CA/San Jose,Aviation/Electric,https://archer.com/company#careers,Unknown
VisioStack,US/SC,Tech/Rail,https://www.visiostack.com,Unknown
Cando Rail and Terminals,Canada/MB,Rail,https://www.candorail.com/careers/,Unknown
OmniTrax,US/CO/Denver,Rail,https://omnitrax.com/jobs-and-careers/,Unknown
CPKC,CA/Calgary,Rail,https://www.cpkcr.com/en/careers,Unknown
Railserve,US/GA/Atlanta,Rail,https://railserve.biz/jobs/,Unknown
TransCore,US/TN/Nashville,Tech,https://transcore.com/careers,Unknown
Comet Industries,US/MO/North Kansas City,Rail,https://www.cometind.com,Unknown
Dellner Couplers AB,SE/Falun,Rail Couplers,https://www.dellner.com/career,Unknown
Wabtec Corporation,US/PA/Pittsburg,Rail,https://www.wabteccorp.com/careers,Unknown
Soar Environmental Consulting,US/CA,Environmental,https://soarhere.com/who-we-are/careers/,Unknown
Cambridge Systematics,US/MA/Medford,Consulting,https://camsys.com,Unknown
STV,US/NY/New York City,Consulting,https://stvinc.com/careers/,Unknown
CR Associates,US/CA,Traffic Engineering,https://cramobility.com/careers/,True
DB E.C.O.,US,Consulting,https://db-eco.us/en/careers/,Unknown
Rail Management Consultants International,DE/Hanover,Tech/Rail,https://rmcon-int.de/karriere/,Unknown
Deutsche Bahn,DE/Berlin,Rail,https://db.jobs,True
California Air Resource Board,US/CA/Sacramento,Air Quality,https://ww2.arb.ca.gov/careers,True
Crisp Company,US/CA,Road Work,https://chrispco.com/jobs,Unknown
Progress Rail,US/AL/Albertville,Rail,https://www.progressrail.com/en/Careers.html,Unknown
Trufi,DE/Hamburg,Volunteering/Tech,https://www.trufi-association.org/volunteering/,Unknown
MobilityData,CA/Montreal,Tech/Standards,https://mobilitydata.org,Unknown
Zühlke Group,CH,Tech/Consulting,https://www.zuehlke.com/en/careers,Unknown
Gannett Fleming/TranSystems,US/NJ/Morristown,Design/Build,https://www.transystems.com/careers/life-at-transystems/,Unknown
Benesch,US/IL/Chicago,Design/Build,https://www.benesch.com/careers/,Unknown
Olsson,US/NE/Lincoln,Design/Build,https://www.olsson.com/why-olsson,Unknown
Horrocks,US/UT/Pleasant Grove,Design/Build,https://trilongroup.pinpointhq.com/horrocks,Unknown
Via Rail,US/WI/Maribel,Rail/Design,https://www.viarailengineering.com/about-us/careers-at-via-rail/,Unknown
RITD,US/TX/Brookshire,Rail/Design,https://www.ritd-llc.com/careers,Unknown
Mountain States Contracting,US/AZ/Phoenix,Rail/Design/Build,https://mscrr.com/careers/,Unknown
Foss Maritime,US/WA/Seattle,Maritime,https://www.foss.com/career-opportunities/,Unknown
Zephyr Rail,US/CA/Orange,Rail,https://zuirail.com/careers/,Unknown
Southern California Association of Governments,US/CA/Los Angeles,Government,https://scag.ca.gov/careers,Unknown
Descartes,CA/ON/Waterloo,Tech/Logistics,https://careers.descartes.com/,Unknown
Dreamstar Lines,US/CA/Newport Beach,Rail/Overnight,https://www.dreamstarlines.com,Unknown
Nox Mobility,DE/Berlin,Rail/Overnight,https://www.noxmobility.com/,Unknown
R.J. Corman,US/KY/Nicholasville,Rail,https://www.rjcorman.com/,Unknown
Trinity Industries,US/TX/Dallas,Rail,https://jobs.trin.net/,Unknown
Sperry Rail,US/CT/Shelton,Rail,https://sperryrail.com/careers.php,Unknown
Trainyard Tech,US/FL/Naples,Tech/Rail,https://www.trainyardtech.com/,Unknown
Nommon,ES/Madrid,Consulting,https://www.nommon.es/job-opportunities/,Unknown
Wilhelmsen,NO,Maritime,https://www.wilhelmsen.com/careers/,Unknown
shippo,US/CA/San Francisco,Shipping,https://goshippo.com/about,Unknown
Pirate Ship,US/WY/Jackson Hole,Shipping,https://www.pirateship.com/careers,Unknown
Knorr Bremse,DE/Munich,Rail,https://careers.knorr-bremse.com,True
Gateway Development Commission,US/NY/New York,Rail/Construction,https://www.gatewayprogram.org/careers.html,Unknown
Piper,US/CA/San Diego,Rail/Signal,https://www.pipernetworks.com/careers/,Unknown
4AI Systems,AUS/NSW/Newcastle,Rail,https://4aisys.com/about-us/,Unknown
Benesch,US/IL/Chicago,Build,https://www.benesch.com/careers/,Unknown
Frauscher,AT/St. Marienkirchen,Rail/Signal,https://www.frauscher.com/en/career,Unknown
Jacobs,US/TX/Dallas,Build,https://careers.jacobs.com,True
Lime,US/CA/San Francisco,Tech/Micromobility,https://www.li.me/about/careers,Unknown
CRH,US/NY/New York,Rail,https://jobs.crh.com,Unknown
Keolis,FR/Paris,Public Transportation,https://careers.keolis.com,Unknown
Federal Signal,US/IL/Downers Grove,Vehicles,https://www.federalsignal.com/our-people,Unknown
ZeroAvia,US/WA/Everett,Aircraft/Electric,https://careers.zeroavia.com/,Unknown
Nexxiot,CH/Zurich,Rail/Sensors,https://nexxiot.com/careers/,Unknown
ZTR,CA/ON,London,Rail/Sensors,https://www.ztr.com/careers,Unknown
Amsted Digital,US/IL/Chicago,Rail/Sensors,https://www.amsteddigital.com/careers/,Unknown
TTX,US/NC/Charlotte,Railcar Leasing,https://www.ttx.com,Unknown

