Name,Format,Cost,URL
Research to Practice Transit Symposium,Online,Free,https://www.transportation.institute.ufl.edu/2025-research-to-practice-transit-symposium/
Modeling Mobiling Conference,In Person,Unknown,https://zephyrtransport.org/momo/
Bridging Transportation Researchers,Online,Free,https://bridgingtransport.org


to add
https://www.itsamericaevents.com
https://www.itscalifornia.org
https://www.transformingtransportation.org
https://aetransport.org/etc
https://nacto.org/events/about-the-designing-cities-conference/
https://wctrs-society.com
https://icmconference.org.uk
https://www.isctsc2025.com
